article,anchor_price
80235B5F622,4496
82292344033,2687
82292219911,2464
51472303796,3535
82292408819,2814
82292355519,4111
82292355518,4163
82292365436,4127
80162864021,2646
80932864211,7944
63312410071,2164
51210414778,1399
82292408818,2814
80292454754,2764
80935A51988,11879
80272454661,1728
82292219909,2464
51217006821,1148
51472458551,5319
51472458555,4396
63312468386,6622
51472458440,4158
51472458554,4370
51952449251,4920
36122455268,5603
51472219802,3136
51952183852,1857
51138745730,15974
71102333674,7424
51472450511,5755
51472458439,5234
82162302402,6279
51472219799,4011
51125A5C8F4,10949
51472461168,5484
84102461531,10968
82162302431,6166
82162302409,6279
51472347734,10888
61432450841,12921
82712444056,22611
82162410526,4622
82162156540,4622
82122448367,5026
51472210728,6726
51472414224,9609
51472432165,9609
51472450516,9982
51472365435,11090
51472286007,9480
51472446290,4993
51472210210,3563
51472365856,3912
51472458441,4085
82722287886,40566
82162413633,4418
51472348072,6279
51472414218,4956
51138745732,15974
51472461166,7393
51472147953,3185
82162413632,4077
51472210208,4370
65412458285,2242
51472407168,7393
51472458568,11457
51477353713,10056
51470010557,4138
82162410525,4303
51475B70A00,3912
82162211820,3164
51472365853,5018
82162155847,4390
51472451766,11812
51472458567,11457
82712360951,22611
51712334708-51712334710,14367
82162211821,2928
51472458557,4993
51472414219,4433
51472154481,6726
51128078671-51128078672,23167
82162156538,4622
82722472964,14430
82162155858,4708
51472458552,4370
51472152345,6573
51472353819,5139
82712232293,20352
51138072085,7779
51472295245,7020
51472458443,3972
51472336798,4164
35002232278,8819
51472465482,9848
82162155846,4489
51138096590,14384
51472153687,6573
51472210729,3428
51472153889,4370
51472458863,5444
51472346808,3349
51477380886,12258
18307553644,3670
82712338614,18092
82712365397,22611
82712414373,20103
51472458558,4993
51712289685,8311
51712289686,8311
51712336813-51712336814,7093
51712337762-51712337763,14883
51712407733,5033
51712337763,5537
82162353919,6279
51472239638,3959
82732420634,36437
82162218984,3549
82162333952,3406
82160414674,5278
82160416160,5570
82162365720,4469
51472451589,9982
51472158364,5477
51470444754,5722
51477316630,8746
51472353381,9695
51472444038,4993
51472336795,3242
51472336797,4164
51472458442,5484
51472409276,3313
51477449443,10056
51952183855,1850
51952449252,7583
52302220492,6279
82712350123,18092
82712350122,20352
82712361815,18092
82712338617,18092
82712150092,20352
82712350126,20103
51712430994,15463
51712297589,4091
51712150253,4814
51712146912,3456
51712297590,4091
51712150252,4814
51138096591,13158
51137979349,9652
51712240775-51712240778,6731
51137979350,9639
51162446964-51162446965,49000
51112455497,21694
51162343739,6371
51192455500,27315
51192455432,80498
51192461277,34238
51137262119-51137262120,10585
11127641556,8299
51712240773-51712240774,8507
63217241541-63217241542,25903
32302230190,48129
51472220001,6322
51472219975,6322
18302355889,16275
63217420991-63217420992,22069
36116796220,41374
18302286673,63472
33502320928,44454
34112450468,135594
36116864390-36116864391,43817
41622460278,180513
18308485758,4628
51139448474,11182
51142458194,8905
51142458236,8905
51472457270,13666
51192455880,20724
51628092947,19198
51192455821,24694
63172466703,9456
51192458369,39304
51192455856,27900
18302464500,36106
51192455832,39310
51192455835,33515
32302462905,46906
51192455896-51192455897,35300
51955A271A3,50754
51192455819,73183
18302464496,124503
34108854026,159740
32302463594-32302463595,22170
51712352811-51712352812,12245
33107555607,141928
11122444531,163437
63312469631,2264
51128078907,3606
51478077315,4131
51145A12C04,8214
51145A11FA3,8605
51129854828,9744
51138078548,9719
51112473232-51112473233,15640
51472472521,9670
51192473036-51192473037,124300
51192472190,34956
51192472192,56802
51142432164,9327
51712431044,5192
51145A1D139,9750
51712430993-51712430994,10167
51129852168,11750
51129852169,11750
51192455950-51192455951,27800
51192414144,22795
51192412406,27167
51712464947-51712464948,33220
51192412410,31036
51192414142,43231
51192414137,54182
51162466669,23682
18302444530,56039
63135A2AEC0,44914
36117856925-36117856926,70196
36116873943-36116874445,100510
51192414139,83023
36116884498-36116884505,115421
32302448757,53941
18302431035,81979
51192412405,107331
51192447015-51192447016,120700
34112289348,197085
63132455650,171291
18308631960,6385
18302444485,70816
18302444486,110944
51712297592-51712297595,5970
51712352809-51712352810,23217
51712407732 -51712407733,9534
51138080619,9236
82162155851,2407
82162155852,4144
51137410465,13051
51192471091,50580
51192464329,50580
51118098087,6151
51117237421,4502
51138469959,5795
51168097351,6520
51712466810-51712466811,42027
51712462817,21742
51472450515,6080
51472286006,5934
51472450514,6890
51477491450,10870
51472164767,12903
51472458443,3972
51472451586,4531
51192449587,16021
51628075685,19198
51712462819,21742
51137418177,2921
51142456383,8605
51472458410,8752
51142456384,10753
51138092677,4211
51137454888,10888
51167466195,26202
51192455499,27315
51712467262,48404
51778498997,9505
34112458883,212984
51628083919,21121
61319475063,7467
61319475056,36286
51472353380,7020
51117303107-108,14018
51712354497-51712354498,16379
51162361520,27397
18308576916,53374
18302344205,37537
34112348054,178892
51712150246-47,7195
51137185223,5271
51142469098,8697
51192460601,18861
51138745303,10888
51712467264,48404
51712467265,48404
51472458561,6365
51472458559,8116
51472458562,6720
51115A08FF9-51115A08FE9,32000
51132469622-51132469623,50800
51192472782,115196
51195A1B169-51195A1B170,110000
51192473040,58417
51192475051,174118
83122288907,400
83222447362,3156
83225A4F016,2985
83222365987,2699
81229400272,1521
83120445832,2960
83222365988,2576
83122288901,380
83195B77F71,584
83125A16140,857
83512355296,1556
83119407816,1029
83222355599,2313
83220421925,6341
83212465854,1038
83212465849,849
83222167720,4020
83220142516,25002
83227542290,2292
83230309627,3099
36132461758,4860
64119382597,2535
64119382627,2042
51128093303-51128093304,16630
51472472520,9670
51138746968-51138746967,24500
51117469880,922
17128570061,1971
18308593696,929
13907614013,4303
33326796137,3917
11617524569,893
51128067763,7669
51192475168,127998
51132469620-51132469621,50800
11122334344,9493
51162405919,15240
51712352812-51712352813,18258
63212450105,33296
51712240832,39304
18302354340,72347
33502409927,79382
51192469556,33952
51712469541,47551
51192446628,80498
51138057223-51138057224,12298
61312250703,11702
18302298448-51122297465,24014
51712352807-51712352808,8520
51628084171,40056
51118077061-51118077062,64000
11148098567,52763
51142456203,4734
18302354364,6432
18302456072,21896
80282411121,343
51138079741,9878
51712447091-51712447092,38320
80935A0A712,22682
51135A36BC9,11446
51135A1AC56,10943
51712467261,48404
32302471439,21866
51128074267-51128074268,22069
51192464331,50580
18302458780,183958
51139503410,13158
52105A40304,75304
51472446289,6027
34108857048,159740
51142472840,3670
51142472837,3670
51148096408,3720
18302407193,48185
34402469136,12720
35006860690,1636
36112459545,163352
36112459546,239828
36112459620,253191
36112463403,38603
36115A3E081,15660
36116863418,22156
36116868047,25226
36116873943,56426
36116874440,25848
36116874441,23262
36116883524,25848
36117855081,32308
36117855087,42233
36117856925,34278
36132453960,4164
51118076049,110860
51142348911,9285
51192350711,33497
51192350712,49756
51192409319,155201
51192410360,76240
51472353820,4403
51472354155,4185
51472447606,4111
51472447608,3206
51472447613,5603
51477433402,8048
51628076046,44493
61312455282,17932
61312463597,16630
61319501592,29403
80232445715,1800
82122406214,5145
82292358508,2642
82292358509,2707
82292358511,2000
82292406337,2642
82292469990,1564
18302444544,73340
36112462640,27403
36112462645,30148
36112463398,9921
36116863424,33790
36117856925,34278
36118090094-36118090095,50205
36118747000-36118747001,32500
51128077357,33739
61319501592,29403
36112462648-36112462649,61073
36116796264,49026
36116883523-36116897085,35817
36116885303-36116885304,147302
36116885305,29078
36116885311-36116885312,78063
36118089890,32308
36118089894 – 36118089895,55793
51117993027-51117993028,132400
51118077353-51118077354,37240
51138074926,1850
51142348098-51142348099,55590
51192350719-51192350720,27500
51192473414-51192473415,144900
51195A198B5,55164
51195A1B175-51195A1B176,110000
51625A09D49,19198
51712456325-51712456326,44739
51952354323,1978
80225A0A665,2028
51622166959,15323
51125A130B0,88549
51192469972-51192469973,132240
51138080761,15128
32302344150,54962
64319194098,2614
61315A40305,11661
61315A40306,11661
51912457058,4149
36115A3E078,25842
51622161763,18417
34217991043,13850
34107886853,34432
18302464501,109165
66215A44493,30267
77455A0E752,7118
31508487446,111920
65412458286,2242
80162864020,2007
80162864022,3399
80142864042,10747
80225A7C973,15447
80225A7C972,11824
80225A7C974,15447
80225A7C975,17169
80225A7C971,13726
80222864109,6372
80222864104,7663
80222864106,13199
80225A87992,3399
80222864107,5086
80222864108,5086
80222864111,7663
80212454669,6855
80212450917,10098
80215A51739,5729
80232411535,1586
82295A56C37,6451
82295A56C32,4058
80435A51949,8850
80435A51987,8256
80435A5D018,8256
80435A51950,6372
80432864218,7663
80435A5D020,8256
80435A21532,6372
80435A21533,6372
83125A4EF99,943
61122458607,2871
80232864005,4496
82262458247,1250
82262288693,1229
83292458654,415
83215A65BF6,1130
83215A7EE70,1213
83215A7EDB2,964
61218720721,15211
61217604816,11762
61219364597,14197
61217555719,21387
61216805461,19015
61217604802,15447
61217604808,22057
61216806755,23765
61125A0C168,2307
61905A138D4,6072
61905A138D8,7026
61448490523,6641
61905A138D7,7026
61905A1E1B1,38412
61905A13822,27492
61448490509,24682
71100039344,2292
406034,5720
0092S40080,5987
36115A56268,12400
36112470605,61329
36122447402,1714
36136777787,3128
36116895628,4049
36116856061,19381
36118745914,39697
36118745915,45655
36110048016,14140
36115A4D505,46777
36115A4D504,46777
36112462642,30148
36112462556,49374
36115A66192,71724
36115A66194,73806
36115A661B9,73806
36115A661C0,71724
36112471486,37941
61318379091,14081
61626927851,14081
63120027924,1757
63128380206,743
63128380207,922
63136943121,907
63136943122,907
63172228614,9346
64128363807,2142
11657934389,21054
33506886761,9915
33526796317,14637
37106875088,32603
37106875083,42507
37106875084,42507
31312283103,19133
31312283104,19133
31312284045,52712
31312284046,52712
37116761444,41963
51247473097,3496
51247204366,3638
51247204367,4937
51479149120,3806
51952446321,60656
31106884852,55068
61667304068,4516
17137642158,6298
11277632111,32337
63117440877,25964
63117316217,22901
11127793163,6818
61356992947,11971
61359196934,23138
63117263051,12448
63117348935,8428
11112161561,211823
51627158383,989
51627158384,857
51757188840,1004
51757188839,1027
11377515868,38917
11377630747,34201
11377589883,38917
17427953225,9089
21511223302,4081
11217576761,1464
11217576767,1950
11217576764,1950
11247620970,1628
11247548795,2699
11247544648,1860
51647475340,5855
51118089502,1728
13717605638,5658
13718635093,5198
51747421678,3578
51747255413,7304
51747421686,1728
83125A16140,857
51122693662,11261
51118099732,5648
31351093794,1757
31356761591,4489
37116771932,833
83195A1B479,1454
11417622768,7706
18307933843,43338
11127624778,230207
34521182160,15240
34356791962,1539
66209274427,2896
37146784696,9909
13628661436,2678
32306793632,18513
51127487524,936
18307560778,2100
51128094411,1885
51128094412,1650
36116790605,47237
17427647652,40965
51747374197,19015
51207419841,10343
51207419839,10160
51207419840,10343
51227281953,20807
51237347409,4197
51757340743,2970
51757374731,2585
51718069308,4429
51757424917,1785
51758044389,2082
51757340779,3328
51757340745,3492
51757343142,5755
51757233967,15400
51487468803,6206
51757191073,9817
34106861797,3036
51757340789,3023
51759477802,3556
51487340824,3213
12135A06753,3646
12137841556,6402
11717807928,10753
11657609210,6114
11377548388,17394
11747810831,2057
11748570591,1316
51472365217,8575
51472220142,4070
51757160239,1659
11217799970,113315
11117574145,2144
11618513655,37520
11618513653,33024
11617811909,53256
11618515685,53256
11618477030,55921
34116889585,18277
34112284065,21233
11258473674,5689
11257574822,4927
11258637991,4851
66209283203,179
21217515141,29237
51166817653,1364
51128746236,2721
51117156557,1336
51169155970,1036
51777170955,186
51767300561,1471
51128069245,4104
51118069228,5464
18208575121,1621
18208683823,2635
51767418198,4502
51128074187,2242
51128074188,2242
17117590119,814
51647421710,8195
11148483799,3142
51377167039,59
41007417572,14000
51177387928,4423
25168483097,32686
26117610061,8487
51117207941,5304
18308679075,4211
51339460501,3406
51339460502,3406
51747347378,2971
51117303114,4502
18302348835,20848
51499448944,1600
51127900841,4767
83192469491,536
51757424881,3392
33531093094,1736
51138061574,3213
51647421711,7393
83195A04C59,2077
63216943036,679
11617799389,8128
11532247681,6769
13717804846,4953
51169206347,1885
51717169420,6353
51237347412,2664
51171928197,3071
13528515671,1788
51647421704,8318
51647445102,3849
61359856157,1949
63177184662,1379
63312348803,3178
37121094613,16281
28107842383,910
12428656997,2371
61129364201,4476
61122410220,3071
24347588725,1093
61120432110,2428
11317576160,39529
11317576161,39529
11317563665,39529
18207568777,1507
12218591724,11934
24008672629,2800
32106891974,8061
51117319777,2977
51745A22C65,8324
51745A22C64,8324
51137497285,7730
51135A21AA5,11065
51745A29C48,12992
51712155451,3456
51712155450,3456
51139448474,11182
51138079741,9878
51745A22C61,13406
51137005837,4142
51137005838,4142
51137497281,11065
51138065539,6464
51138065540,6610
51135A21A96,18660
51135A21A98,20499
51135A21A97,20854
51135A21A99,16709
51712240775,4480
51712240778,4814
51137354823,4005
51135A21A95,20156
51118092124,2628
51118069237,2628
51745A29C42,20748
31106893549,15193
31126775967,17234
31126794203,18050
31126775971,6443
31122284977,24439
31126773949,14885
31126794204,18470
31126775972,15666
31122284978,24439
31126773950,7635
31102348047,13613
31126863169,15666
31106861158,16447
33316880637,2441
33316784940,4777
33316792872,2607
33316797238,2555
33316792873,1728
32111116910,493
31106778015,4124
33326770985,4675
12120040551,1721
12120039634,1843
12120057704,1326
12120032273,1914
12120039664,1636
12120037582,1636
83238849305,479
51217297439,1514
51217317560,1236
51237201904,1236
51237184432,1433
51238190754,2028
51237008760,4158
51238408134,1193
51237164798,1728
51952408224,9701
18308512137,1614
36115A648B4,43141
36132453961,4164
36136776076,2228
36132453959,4164
36136786419,2558
36122447401,1630
36115A3E076,14619
36115A085B1,42098
36115A64984,62372
36115A64996,84723
36115A64983,56134
36115A64995,76925
36108093832,49930
36108093833,55371
51145A4B373,3670
51148094236,1793
51955A368C7,4042
51472347731,8550
51125A5C8F3,10949
18302464503,20872
51142472843,3670
51142472834,3670
51142472831,3670
51142472839,3670
51142472841,3670
51142472838,3670
51148132375,2757
51147057794,2757
61445B4FD84,4290
82732406459,65430
82732420634,36437
63312463924,6622
82722326527,22830
51148087192,3863
51147499154,2757
51147463715,3118
51147376339,3145
51147294465,3064
51145A4B372,3670
51148087199,3863
51148087197,3668
51148087189,3612
51117886545,4114
51148087191,3863
65412458284,1236
51472407204,4038
71606770487,1507
51475A56C40,6319
51475A56C39,5757
51475A56C43,4771
51475A65EE8,34165
51475A498E7,10056
51472458560,6365
51472451368,6080
51475A2DA74,5484
51475A2DA75,3972
51475A62B50,5742
51475A50928,11631
51475A50924,9315
51475A50927,11631
51472473482,9982
51475A50923,7761
51475A8D4C4,11457
51475A8D4D0,7393
51472473480,9609
51475A56C44,11641
51475A582B4,11641
51472458553,6027
51472452201,5484
51472452204,3972
51475A20D31,6378
82722472964,14430
51265A681A8,5696
36136852052,1257
51142472844,3670
51145A0E480,3171
51145A060A9,3720
51145A3F9B2,3720
63217217509,12602
82712455808,26131
82712472916,22611
82712289107,1650
52122406212,5795
83192161313,1043
82295A2C220,3249
61627356223,1671
61627306461,1500
61627213241,1550
61623428599,1371
61622990035,1503
61627161029,1372
61627954693,1671
61627474264,1491
61627407273,1490
61615A5C9C2,4794
61615A43610,3880
61619466377,4017
61617469820,3943
61615A0B571,4880
61615A974B1,4648
61615A27D68,4124
61612158219,3925
61615A43587,3349
61615A43583,3477
61612458017,3597
61612447932,3736
61615A25860,3639
61612458015,4224
61615A43585,4224
61612458006,3558
61619478361,3978
61619478909,4655
61615A87C83,4436
80165A52A83,2007
80225A51690,10429
80935A21521,9872
80452465960,2207
80232454535,1357
80245A21239,886
80282465944,1050
82732223388,32278
83125A167D0,550
83125A7DCA9,772
83125A7DCA6,693
83125A97D90,850
51149880863,2342
51149880866,2342
83122288912,1107
51712457412,5914
83212465844,807
36122469710,6047
36122469709,5039
36122447404,1621
36122182347,1686
61610049744,4436
61610040534,2487
61617411249,1421
61615A404F6,1421
61617347623,1279
83120427832,757
83292458655,386
63312468387,6451
83195A07760,729
51148087194,3863
51148087196,3863
61610003090,4436
61610039697,3626
83125A71808,1414
13328591019,3792
11427721779,1271
11427673541,1053
11427826799,1325
11428575211,1571
31356881808,3988
83125A732E5,308
11538642560,15323
61627161030,422
64539217375,9597
11287594969,6439
12317605478,51478
51475A87FF4,5092
51475A87FF2,5092
51475A87FF3,6027
51475A87FF0,6027
51475A89892,16435
82715A4E764,21132
82145A8EDC6,10043
82145A8EDB7,10043
51475A87FF5,10092
51475A87FF6,10092
65205A59AB9,21748
51115A6FE82,36544
51167883949-51167883950,51200
51625A79E68,52572
51475A6CBC3,12678
51168083557-51168083558,65700
51195A56353-51195A56352,115400
51192350722,39304
51162462824-51162462825,48900
51476980201,3635
51476958162,2693
51479120284,3635
51479120286,3635
51479120286,3635
51479120285,3635
51477267484,4013
51475A2DA75,3972
51472467897,13666
51472461169,3682
51477489623,11065
51472407169,7393
51472458569,6294
51118069208,4529
51118074270,4224
51118746240,4383
51118069210,3730
13718635091,1221
51117255370,2749
11318685091,3471
18305A23286,41021
34358095575,1763
34356870349,1727
83122298202,550
34107889662-34107889661,96284
63215A3CB63,2100
83192296922,729
11317797898,1571
13528515670,2021
83192211217,1186
83135A82511,864
83125B51EC5,615
83515A6CDD7,1000
83195A42DF3,1000
83230418567,722
83125A7DC77,1707
83135A824F2,422
83135A824F3,548
83125A15D26,4622
83195A260A6,757
83125A707F6,1008
83195A54E47,1392
64112464927,2728
64112464928,2728
64119382603,2535
83125A7DCA4,772
83125A7DCA3,755
83125A7DCA2,772
83125A7DC98,770
83125A97D49,822
83125A5C729,4966
83222167718,1071
83192414456,646
83190441139,1079
83125A85518,1457
83192298237,2400
83192298238,600
83125A16146,1450
81229407711,814
51148058881,3171
80282411112,272
18308691859,5092
18302287155,24830
36112228660,486
51137399032,3304
51137399031,2878
83222446673,1844
GS55502M9,66911
83212465843,807
20114005099,2954
83212365924,1284
31317842400,4648
11417610378,16766
11417643046,22150
11537795136,1257
11537802629,5895
51499448943,1920
17118655768,2157
17118697887,3085
36136850834,1007
36136783536,1007
34356890791,2022
34356791958,1974
34356890788,2079
34352282935,1978
82162302408,6279
82732406460,51753
51479410838,4661
51472450512,4860
51472458570,11457
51472459921,8538
80242472539,550
11128510234,22866
11127823181,22866
11127645173,24008
77411539593,25457
77412472173,27149
83515A87B45,1136
77405A0ED09,11598
77495A5CCA4,4774
77402451052,12886
77402451048,12886
77402451059,16110
77402451060,16110
77402464349,6438
46545A097C1,11998
71602414858,12164
77338551929,13146
77338409969,6335
77339444311,13335
77495A0E757,13761
77418543197,6531
77438543194,6531
71607705964,2828
71607699437,8079
77148394379,25759
46638389433,11586
77308546226,1736
61432408592,7387
61905A1E1B1,38412
83105A6D0B1,693
83105B311C8,986
77428528355,6873
77525B44EA5,3256
77525A29255,3356
71607689674,6225
11128581798,18470
11127588412,17589
77032465254,4056
77322465267,9413
77518530685,6702
77521691965,1636
61448490523,6641
61447826831,6365
61347921643,3521
77222462945,3371
77412464351,3578
77148406187,14110
77407721037,27889
77407721035,22014
77438569672,27889
77431539595,29989
77432472170,31787
77452471467,415
77452471466,2171
31421541247,2478
71607715824,4211
77495A0E758,11696
77315A34131,9474
77318404068,515
77349829332,11592
77349829331,11592
77312464421,3578
77215A3D179,5066
52539480745,20706
77492474994,3506
83122405891,1083
83122405887,1136
76795A6A1D6,2457
77448549334,4920
83192460609,600
77149830123,9327
77259443012,5696
83105A87361,629
77232462951,4648
77455A31316,2171
51257698202,1828
71112447552,2264
46638556647,1486
77495A503C1,7559
77402464350,2914
77448546808,5788
83105B311D4,1057
77495A503B9,13761
77495A503C0,11696
77492471302,6498
77452456667,2692
77492463535,3521
77455A0E751,12383
77455A0E752,7118
77492463533,3199
77492463534,6029
46638403839,3056
77518524085,6739
46528528637,9646
77498544517,1828
76317923604,6286
76317924032,6286
76319480521,6379
76319480522,6426
76311540134,9658
76315A75208,42620
76318537946,943
76217913954,6531
76217913962,6113
76211541049,4403
76317913010,11457
76317913048,16352
76318504153,7589
76315A75308,21896
76315A75195,29255
76315A75175,27942
76315A75161,27942
76617109788,2757
76819829878,379
76617109788,2757
76617912874,1607
76618546747,3720
76317914346,8287
77441541704,5788
11128589941,17589
11127570292,26011
11128508570,20201
36122447403,1586
51747421686,1728
51747331783,1850
80285A21545,1379
12122455258,1721
12120037582,1636
A004159580390,880
A270159070090,1595
2541590000,1423
A0031599703,894
06E905601,1263
03C905601B,1353
06M905606F,1542
06H905611,1312
101000033AA,698
33326796138,4137
34216864900,5428
34118854273,12140
34117991102,37083
34116868938,11996
34116887397,19353
34216763827,14223
34106875284,20387
34106887398,19353
34116875283,20387
83212365933,1521
989920211,1015
A000989700613ABDE,3636
GS55545M4,3125
GS55502M2,663
GS55502M4,2666
GS55505M2,756
GS55505M4,3264
GS60577M4,3899
G052182A2,2084
G052145S2,2798
G052162A2,1808
G052180A2,2604
G052516A2,1896
G052529A2,2968
G055025A2,2856
G060162A2,4908
G055005A2,2148
G060726A2,1141
G055512A2,1559
G055145A2,9503
G055175A2,2697
000989680511ADNE,895
A001989330309,4463
83225A92866,2292
83222289720,3908
83222339219,1648
41007385435,4370
76898352943,4098
76117717710,308
76618546739,407
76618546738,322
76618546730,5324
76128568159,13205
76228403937,9376
76171539769,3242
76171539770,3242
76171539771,3242
76171539772,3242
76171539773,3242
76171539774,3242
76171539775,3242
76171539776,3242
76147923001,6163
76128504945,20097
76128504948,6001
76128504949,20097
76128504950,20097
76147923005,7210
76147923006,7210
76147923007,7210
76147923008,7210
76147923009,7210
76148504937,15690
76148504936,15690
76148504938,15690
76148504939,15690
76148504940,15690
76148504941,15690
76148504942,15690
76148504943,15690
76317913025,8287
76245A86CF2,5729
76245A86CF4,5729
76245A86D01,5729
76245A86D04,5729
76245A86D06,5729
76245A86D08,5729
76115A80DB9,38115
76115A80DC0,34799
76115A80DC1,34799
76115A80DC2,34799
76115A80DC3,34799
76115A80DC4,34799
76115A80DC5,34799
76115A80DC6,34799
76225A808E1,15607
76225A808E2,15607
76225A808E3,15607
76225A808E4,15607
76225A808E5,15607
76225A808E6,15607
76225A808E7,15607
76225A808E8,15607
76225A808E9,15607
76225A808F0,15607
76225A808F1,15607
76225A808F2,15607
76225A808F3,15607
76417914635,2835
76128504854,31580
76128504855,8991
76128504856,9438
76128504857,9438
76128504858,9438
76128504859,9438
76128504860,8991
76128504861,31580
76315A75279,27179
76315A75280,27179
76315A75281,30799
76315A75282,25883
76315A75283,30799
76315A75284,30799
76125A809C9,15755
76315A75231,35147
76125A809D0,15755
76125A809D1,15755
76125A809D2,15755
76125A809D3,15755
76125A809D4,23948
76315A75232,26232
76315A75233,26232
76315A75234,26232
76315A75235,26232
76315A75236,26232
76145A80A61,21493
76145A80A62,21493
76145A80A63,21493
76145A80A64,21493
76145A80A72,21493
76145A80A65,21493
76145A80A73,21493
76145A80A67,21493
76145A80A75,21493
76145A80A69,21493
76145A8C8F0,21493
76145A80A71,21493
76145A80A79,21493
76245A86DE6,6372
76245A86DE7,6372
76245A86DE8,6372
76245A86DE9,6372
76245A86DF0,6372
76245A86DF1,6372
76315A75226,35147
76315A75237,26587
76315A75238,26587
76315A75239,26587
76315A75240,26587
76315A75241,35147
76315A75242,26587
76315A80796,25735
76315A80797,25735
76315A80798,25735
76315A80799,25735
76315A752F0,21896
76245A86E20,5729
76245A86E21,5729
76245A86E22,5729
76245A86E23,5729
76245A86E24,5729
76245A86E25,5729
76315A752F1,21896
76315A752F2,21896
76315A752F3,21896
76315A752F4,21896
76315A752F5,21896
76235A80FA2,1871
76235A80FA3,1871
76235A80FA4,1871
76315A752E1,44056
76315A752E2,44056
76315A752E3,44056
76315A752A3,28711
76315A752A4,28711
76315A752A5,28711
76315A752A6,28711
76315A752A7,28711
76315A752A8,28711
76315A75273,28711
76315A75274,28711
76315A75275,28711
76315A75276,28711
76315A75277,28711
76315A75278,28711
76315A75218,32042
76315A75219,14252
76315A75220,14252
76315A75221,14962
76315A75222,14962
76315A75223,14962
76315A75224,14962
76315A75297,23493
76315A75298,23493
76315A75299,23493
76315A752A0,23493
76315A752A1,23493
76315A752A2,23493
76315A752C0,42075
76245A86CD5,5729
76315A752C1,42075
76315A752C2,42075
76315A752C3,42075
76315A752C4,42075
76245A86CD8,5729
76245A86CE1,5729
76245A86CE4,5729
76245A86CE7,5729
76245A86CE9,5729
76315A752B5,44056
76315A752B6,44056
76315A752B7,44056
76315A752B8,44056
76315A752B9,44056
76235A80EF5,9719
76235A80EF6,9719
76235A80EF7,10105
76235A80EF8,9719
76235A80EF9,9719
76235A80F00,9719
76315A752D5,34956
76315A75285,22529
76215A80963,5079
76315A75286,23653
76315A75287,23653
76315A75288,23653
76315A75289,23653
76315A75290,23653
76215A80964,5079
76215A80965,5079
76215A80966,5079
76215A80967,5079
76215A80968,5079
76215A80969,5079
76245A86D85,5198
76245A86D86,5198
76245A86D87,5198
76245A86D88,5198
76245A86D89,5198
76245A86D90,5198
76225A80907,16210
76225A80908,16210
76225A80909,16210
76225A80910,16210
76225A80911,16210
76225A80912,16210
76225A80913,16210
76225A80914,16210
76225A80915,16210
76225A80916,16210
76225A80917,16210
76225A80918,16210
76225A80919,16210
76235A80FA0,1871
76235A80FA1,1871
76417109668,10747
76245A86E26,2207
76245A86E27,2207
76245A86E28,2207
76245A86E29,2207
76245A86DB5,4443
76245A86DB8,4443
76245A86DC1,4443
76245A86DC5,4443
76245A86DC7,4443
76245A86DC9,4443
76245A86DD0,4443
76245A86DD1,4443
76245A86DD2,4443
76245A86DD3,4443
76245A86DD4,4443
76245A86DD5,4443
76125A869F1,13146
76125A869F2,13146
76125A869F3,13146
76125A869F4,13146
76125A869F5,13146
76125A869F6,23410
76235A80F01,6498
76235A80F02,9719
76235A80F03,6433
76235A80F04,6433
76235A80F05,6498
76235A80F06,6498
76135A80C57,26634
76135A80C56,26634
76135A80C58,36409
76135A80C59,26634
76135A80C60,26634
76135A80C61,26634
76135A80C62,26634
76135A80C63,36409
76235A80F99,1871
76125A809F5,27634
76125A809F6,27634
76125A809F7,27634
76125A809F8,27634
76125A809F9,27634
76125A80A00,27634
76125A80E55,15690
76125A80E56,15690
76125A80E57,15690
76125A80E58,15690
76125A80E59,15690
76125A80E60,15690
76125A80E61,15690
76125A80E62,15690
76125A809C1,15755
76125A809C2,15755
76125A809C3,15755
76125A809C4,15755
76125A809C5,15755
76125A809C6,23948
76125A809C7,23948
76125A809C8,23948
76145A80EC8,19210
76145A80EC9,19210
76145A80ED0,19210
76145A80ED1,19210
76145A80ED6,19210
76145A80ED2,19210
76145A80ED7,19210
76145A80ED3,19210
76145A80ED8,19210
76145A80ED4,19210
76145A80ED9,19210
76145A80ED5,19210
76145A80EE0,19210
76135A80C92,14678
76135A80C91,23037
76135A80C93,14678
76135A80C94,14678
76135A80C95,14678
76135A80C96,14678
76135A80C97,23037
76135A80C98,23037
76235A80FA5,1221
76235A80FA6,1221
76235A80FA7,1221
76235A80F98,1871
76128504887,50513
76128504888,50513
76128504889,50513
72607669469,1200
72607669470,1200
72607669471,1200
72607669472,1200
72607669473,1200
76145A80E49,23919
76145A80E50,23919
76145A80E51,23919
76145A80E52,23919
76145A80E53,23919
76145A80E54,23919
76135A80E09,34356
76135A80E07,22517
76135A80E08,22517
76135A80E10,34356
76135A80E11,34356
76135A80E12,22517
76135A80E13,22517
76135A80E14,34356
76215A86797,10735
76138568072,10111
76138568071,10111
76138568073,10111
76138568074,10111
76138568075,10111
76138568076,10111
76138568077,10111
76138568078,10111
76215A80993,10735
76215A80994,10735
76215A80995,10735
76215A86796,10735
76215A80984,10735
76215A80985,10735
76215A80986,10735
76215A80987,10735
76215A80988,10735
76215A80989,10735
76125A80A01,27634
76125A80A02,27634
76125A80A03,27634
76125A80A04,27634
76125A80A05,27634
76125A80A06,27634
76428547255,13051
76428547256,10521
76428547257,11047
76428547258,13051
76428547259,10521
76428547260,10521
76428547261,13051
76429899299,2457
76318551648,2207
76249445930,557
76111540256,10258
76111540247,10258
76111540248,10258
76111540249,10258
76111540250,10258
76111540251,10258
76111540252,10258
76111540253,10258
76111540254,10258
76111540255,10258
76111540257,10258
76111540258,10258
76111540259,10258
76111540260,10258
76111540261,10258
76111540262,10258
76111540263,10258
76111540264,10258
76111540265,10258
76111540266,10258
76111540267,10258
76111540268,10258
76111540269,10258
76111540270,10258
76111540271,10258
76111540272,10258
76311540131,9658
76311540132,9658
76311540133,9480
76311540134,9658
76245A86E14,5729
76245A86E15,5729
76245A86E16,5729
76245A86E17,5729
76245A86E18,5729
76245A86E19,5729
76225A80889,17784
76225A80885,27634
76225A80886,17784
76225A80887,17784
76225A80888,27634
76225A80890,17784
76225A80891,17784
76225A80892,17784
76225A80893,17784
76225A80894,27634
76225A80895,26581
76225A80896,26581
76225A80897,27634
76319480530,8734
76319480531,8734
76319480532,8734
76319480533,7999
76111540282,9719
76111540273,9719
76111540293,9719
76111540274,9719
76111540275,9719
76111540276,9719
76111540277,9719
76111540278,9719
76111540279,9719
76111540280,9719
76111540281,9719
76111540283,9719
76111540284,9719
76111540285,9719
76111540286,9719
76111540287,9719
76111540289,9719
76111540290,9719
76111540291,9719
76111540292,9719
76111540294,9719
76111540295,9719
76111540296,9719
76111540297,9719
76111540288,9719
76121541031,30083
76121541032,30083
76121541033,30083
76117922872,11832
76117922873,11832
76117922874,11832
76117922875,11832
76117922876,11832
76117922877,11832
76117922878,11832
76117922879,11832
76117922880,12962
76117922881,11832
76117922882,11832
76317922389,12253
76317922390,12253
76317922391,12253
76317922392,11610
76317922393,11610
76117922848,18092
76117922849,16518
76117922850,16518
76117922851,18092
76117922852,18092
76117922853,16518
76117922854,16518
76117922855,27924
76317922395,12253
76317922396,12253
76317922397,12253
76317922398,11610
76317922399,11610
76315A80852,17009
76211541055,4469
76211541056,4893
76211541057,4469
76211541058,4893
76211541059,4893
76211541060,4469
76315A80853,17009
76315A80854,17009
76315A80855,17009
76315A80856,17009
76315A80857,17009
76315A80858,17009
76215A86799,8195
76215A809A2,8195
76215A809A3,8195
76215A809A4,8195
76215A809A5,8195
76215A809A6,8195
76215A809A7,8195
76315A80831,26167
51257688841,2392
61432411680,1229
77402451054,6153
77418520295,7179
77312465258,6027
77147700464,11586
77412472174,27149
77525A417F9,3706
77239829428,9750
77025A5F058,10068
77148356941,10429
51910301918,1256
76137922972,6684
76137922970,6684
76137922971,6684
76137922973,6684
76137922974,6684
76137922975,6684
76137922976,7326
76137922977,6684
51912360754,1971
77492463726,15696
77452463725,6518
77517108971,10692
46638404850,12371
51168414268,1807
52538544780,19168
51168406497,14228
52538562135,14956
76221541073,12732
76221541074,12732
76221541075,12732
52538532738,19168
76127922563,11655
52538564837,21742
51148164924,2864
63238522500,3570
71607719449,7785
46518560671,1436
76171539761,3242
46639467786,8960
76171539762,3242
76171539763,3242
76171539764,3242
76171539765,3242
76171539766,3242
76171539767,3242
76171539768,3242
63178532147,13093
71607688877,5788
63138522499,3729
77338554727,15991
77348560267,9639
77439457027,8207
77498536210,7179
76319480515,3578
71607720256,4049
77022414853,3585
76111539723,11751
76111539724,11751
76111539725,11751
76111539726,11751
76111539727,11751
76111539728,11751
76111539729,11751
76111539730,11751
76317922413,13264
76317922414,13264
76317922415,12631
76317922416,12631
76317922417,34154
76317922418,34154
77515A2A474,26356
77405A0ECF0,6040
77405A0ED10,9860
77452471174,3156
76117922537,7185
76227922738,16210
76227922739,16210
76227922740,16210
76227922741,16210
76227922742,16210
76227922743,16210
76227922744,16210
76227922745,16210
46541539602,14743
46638403844,1286
76117922860,16524
51910302045,1593
76117922861,16524
76117922862,16524
76117922863,16524
76117922864,16524
76117922865,16524
76117922866,16524
76117922867,16524
76117922868,16524
76117922869,16524
76117922870,16524
77439829378,22191
76311540067,8489
76311540068,15435
76311540069,8526
76311540070,15435
76311540071,15435
77448523742,11586
76141539828,37127
76141539829,42693
76141539830,37127
76141539831,37127
76141539832,29900
76141539833,29900
77348553994,23008
77498534711,7179
77498545097,15814
77228355204,9272
76317922383,12253
76317922384,12253
76317922385,12253
76317922386,11610
76317922388,11610
77338559548,10147
77492451076,19772
76318537944,1893
77498543224,2228
77498562634,6855
77252414845,13684
77438548308,5338
77498562633,3463
77331686592,12744
77252462956,19097
77448523743,7075
77418563761,18200
77232462953,16128
77222462947,9872
76817921669,9933
76817921671,9933
76817921672,9933
76817921673,9933
76817921674,9933
77322459287,6120
77119444595,66647
77142459289,11702
77439829379,17695
77122462935,75360
77452466660,3770
77418392339,19730
77319829375,16471
76317922434,9713
76317922435,25575
76317922436,20097
76317922437,25575
76317922438,20097
76317922439,25575
77319829374,16471
77417921897,10429
46638392776,15287
63179457322,7599
77122469284,26924
77419832034,22014
76138504563,49004
76138504556,49004
76138504557,33481
76138504559,34912
76138504560,34912
76138504561,34912
76138504562,49004
76138504563,49004
76317922401,13436
76317922402,13436
76317922403,13436
76317922404,12791
76317922406,34154
76127923017,6506
76127923018,16654
76127923019,6506
76127923020,11785
76127923021,6506
76817921677,9933
76817921678,9933
76817921679,9933
76817921680,9933
76817921681,9933
76817921682,9933
76218536390,6769
76218536381,6628
76218536382,6628
76218536383,6628
76218536384,6628
76218536385,6628
76218536386,11549
76218536387,11549
76217106062,6451
76217106063,6451
76118504604,17346
76118504605,17346
76118504606,17346
76118504607,18997
76118504608,18997
76118504609,49004
76118504610,18997
76118504611,49004
76118504612,49004
76118504613,56359
76118504614,49004
76118504615,17346
76118504616,40499
76118504617,40499
76118504618,49004
76118504619,35220
76118504620,49004
76118504622,49004
76118504623,49004
76118504624,17346
76118504625,49004
76118504626,49004
76118504627,40499
76118504628,49004
76118504629,49004
76117922615,28421
76117922616,28421
76117922617,28421
76117922618,28421
76117922619,28421
76117922620,28421
76117922621,28421
76117922622,28421
76217913922,6769
76217913923,6769
76127922987,20097
76127922988,20097
76127922991,20097
76127922992,20097
76127922993,20097
76127922994,20097
76217913946,11945
76217913948,11945
76217913949,11945
76217913950,11945
76217913951,11945
76217913952,11945
76118504461,33481
76118504462,49004
76118504463,38238
76118504464,34912
76118504465,34912
76118504466,34912
76118504467,34912
76118504468,49004
76118504469,49004
76118504470,49004
76118504471,49004
76118504472,35153
76118504473,34912
76118504474,34912
76118504475,34912
76118504476,33251
76118504477,49004
76217913967,6113
76217913968,6113
76217913969,6113
76217913959,6458
76215A80970,7559
76215A80971,7559
76215A80972,7559
76215A80973,7559
76215A80974,10325
76215A80975,7559
76215A80976,7559
76215A80998,8012
76215A80996,8012
76215A80997,8012
76215A80998,8012
76215A80999,7706
76215A809A0,8012
76215A809A1,8012
76118504710,96206
76118504711,96206
76118504712,96206
76118504713,96206
76118504714,96206
76118504715,96206
76118504716,96206
76118504717,96206
76117922525,8005
76117922528,8005
76117922529,8005
76117922530,7620
76215A80977,14353
76215A80978,14353
76215A80979,14353
76215A80980,14353
76215A80981,14353
76215A80982,14353
76215A80983,14353
76118504675,39108
76118504676,27575
76118504677,12880
76118504678,12880
76118504681,39108
76118504682,39108
B66953318,3952
A20384000209B51,2300
80A057800,4408
80A087000,1589
8U0061109,3419
B66953607,4103
4L0019819A,4510
4H0919311,726
B66041451,4923
B66850788,4405
4M0061609,2547
4H0051701C,11887
A0009820021,4476
4L0061127,3690
B66470994,49
A0005830461,1699
A0005833500,1600
A0008103300,4390
A0008272000,9190
A0008160000,15972
A0008103400,9817
3V0061129,1876
4G0052133G,10066
A0008104100,5700
A1778108103,4918
B66959621,3839
B66955750,3300
8W1864777B3Q7,3475
B6695453164,2779
3R0919311,1290
4M0919303,1525
4M0065110,5910
B66954533,3980
3122300100,3226
3122200300,4100
3122200100,3911
3122200400,3900
3131701000,2690
3131701020,2690
3132103200,3995
3132102500,2890
3132102300,3190
3132102200,3399
3292200400,4473
3292200100,3190
3181900701,3059
B66450413,4013
B66956014,3800
3181900600,4007
B66041540,4800
3181900617,3942
B66952886,4900
B66959210,3922
B66959274,4990
B66958964,3737
B66958962,3900
3181900618,3642
3181900605,4411
3182400400,2405
3182300100,3374
3181900603,4411
3182100500,2954
3181900606,3383
3181900607,2641
3181900612,2718
85H087009,1600
000087009AS,1518
000087009A,818
85H087009L,1800
000087009AC,748
000087009C,1017
80A087009,2134
80A087009A,1365
80A087009B,1242
81A087009,900
81A087009A,594
81A087009B,594
4M1061221C041,4926
4M1061512041,4111
4M0061182,9029
80A061511041,3653
8R1061501041,4682
8R0061511041,3664
4G1061501041,4348
4G0061511041,3226
4G5061180,10900
4L0061511041,7300
4L1061501041,5358
4M1061275MNO,6904
4G1061270MNO,7666
4K8061501041,5290
8W7061501041,6160
4M8061501041,5141
8S1061501041,5428
8V5061502041,4082
8X0061511041,3977
8U0061511041,4548
4K0061511041,3451
8U1061501041,4174
8V5061512041,2996
83A061511041,3258
4H0061512041,6570
8W0061511041,3456
4G8061270MNO,9900
4K1061501041,4366
8W7061501A041,4339
8W1061221A041,7971
4N0061511041,4999
8P0061511041,4190
8W1061501041,3980
4M1061512A041,3999
4N4061512041,4462
4H1061501041,6998
8W1061275MNO,6359
4N1061501041,5928
8K0061276MNO,4286
8T0061511041,4299
4G8061501041,4019
83B061501041,4307
4K5061180,7887
8W0061511A041,3373
4M8061221A041,6317
4M1061221B041,6591
8W7061221B041,4927
4KE061511A041,4156
4KE061511041,3963
4M8061180,8652
4KL061501041,4743
8R1061270MNO,10290
4M1863011HRPP,20800
4KL061275MNO,9987
4KE061276BMNO,5996
80A061511A041,3936
80A061182,7203
4K1061221A041,5505
B66958960,4970
B66041533,4900
B66043226,4800
B66954814,4180
A2218800086,3632
A2108800186,3603
B66043065,3794
B66472002,4290
A1668170116,1606
A22240022009040,1582
A17140001255337,1319
B66472004,4199
A0019901607,6800
B66470203,1011
26000706ZZ,300
3152200100,2350
B66470202,1714
A2078170316,2460
4KE071156A,4602
A00040009009790,3889
A00040009009283,3180
A00040009003594,3290
000071154A,5999
A1408800286,4185
A2228101200,4981
3292100100,1200
3291900100,1272
4F0853601A2ZZ,2253
4M8853740AT94,5190
4H0853605CT94,5316
8S0051435K,1490
4M0853748,4299
8N0853601A,2637
4N0071208AY9T,4920
A2228170016,2741
A1648170016,2792
A6387580058,2434
B66041524,4990
B66953338,7247
B66958326,5988
B66041523,3997
B66959266,2780
B66957516,1893
8D0012244A,181
4M0601173A,146
4M0601173D,150
321601173AZ37,80
4M0601173E,124
4M0601173C,80
4F0071156A,3367
80A071215,2298
83A071455,4199
4K0071455,4235
82A071455,4242
80A096311,1974
89A096306,940
00A096302020,847
00A096301A020,1025
4L1096372,2698
000096323J,1498
81A096311,1190
5HV084300041,2583
000084300AT530,1590
5HV084303A041,1000
7E9084300B,3951
7E9087010,962
33D087010A,2200
000087010BN,675
000087010NYPN,958
000087010RYPN,1390
000087010BMYPN,943
7E0087013,1580
7E9087013,1294
000087010BQ,556
5HV087013,1590
2GA087010,1493
000087010BT,990
000087010SYPN,1672
000087010APYCC,1722
000087010FYPN,1823
000087010ADYPN,1720
000087010QYPN,1929
000087010LYPN,1318
000069601BQ,1480
000069601BR,1640
000069604S,1588
5HV069601A,3100
5H6069601,2380
KUKGTITA01,1700
KUKGTITA02,1700
7E9069604A,1984
5HV069604,3680
5H0087600,5186
000061126A041,1250
5KA087216,1560
5G0601171XQI,1384
7T0061109A,3618
1T0065111,5236
5N0065111,5962
000087012AN530,1460
000087012ALGCA,1290
000087012AN3H1,1328
5GV061550041,6451
5GE061500B 041,3564
3G1061500A82V,6720
5G1061502A82V,4137
5G1061550C041,4431
111087511,1390
7E9087318,1100
7E9087317,4526
7E9087317A,4888
000087318J,5733
5HV087318A,999
000087318K,1290
000087329E,6924
WAP0800050C,3830
WAP0800040C,3280
B66953741,1498
B66955044,11970
B66958422,3086
B66955215,6897
B66953742,2530
B66958424,3424
B66045160,6050
B66041565,4919
B66958980,3346
WAP0500920E,3876
WAP0500050LFMS,2783
WAP0303050L,3506
WAP0500900LHRT,2387
B66958981,3490
80275B320E7,1736
80275B320E8,1736
80275B320E9,1736
80285B32121,522
82205B30D98,2885
80285A21218,1314
80285B32107,1736
80285B32105,1736
80285B32106,1736
80285B32110,2007
80285B32108,2007
80282465945,1050
80285B32113,1736
80285B32112,1736
80285B32111,1536
80285B32109,2007
80285A0A701,1121
80235B320F3,2699
B66960828,15980
B66963755,3890
B66960620,3875
B66960823,8000
B66960817,4200
B66960558,4190
B66960621,3975
B66960459,6038
B66960818,6200
B66960252,3406
B66959341,2838
B66958412,4633
B66958411,4190
B66958408,5380
B66952989,3900
B66959655,12596
B66959343,3688
B66956785,20570
B66959386,9358
B66959387,7845
B66959442,4999
B66043350,980
B66043352,1090
B66043351,1130
B66954239,4200
B66954467,1790
B67812049,9960
A21268060489G33,9957
B66680152,8874
B66290102,7350
B66680188,6631
A16668000489F87,8710
A16668035019051,15410
A22268051489G33,5400
A22268050489G33,5120
A22268044489G33,6559
B66294232,8390
80235B320F2,2699
80235B320F4,2699
B67812039,7858
80235B320F6,2699
80235B320F5,2699
B66680260,6724
80225B320C4,4184
B66953080,1608
80215B320C0,3399
80215B320C0,3121
80225B320E5,9405
80225B320E2,13999
80225B320E6,9405
80225B320E1,13300
80225B320E4,13205
80225B320E0,13305
80225B320E3,13205
B67870476,2847
B66528233,4559
B66560459,3069
B66580001,3359
A2228900178,6300
A1668900078,9350
80245B320F9,1736
80245B320F8,1736
A1668900378,6551
80245B32100,1736
A1668900178,5121
A1668900578,5648
A2138900200,5771
A2138900100,6952
50JDCH846BLA,2653
50JFLG353BKA,2153
50JRCORPMUG14,2150
50JHMG971SLA,4509
50JGMG898RDA,2700
50JEGF148BKA,3658
50JEUM119BKA,4500
50JELU258SLA,27399
8X0061180,4690
8T0071128,10000
4M0071129A,11560
8R0071156F,4607
000071154B,3974
000071154A,6186
71154,5690
8X0075101A,3100
8X0075111,4039
8X1061270A,2185
8R0052001E,3652
82A071455,5112
80A071215,2880
8X0019409A,3591
00A096320020,1200
00A096315A020,1000
4M8096323B,1481
8R0096010D,2000
00A096327020,1552
4L0096352020,2990
8R0096151A,800
00A096325020,1248
00A096329020,436
00A096317A020,1099
80A096010B,1763
96300020,1990
4K0096317,1499
8V3061160,4561
5E1064205,6430
8V1061270A,4790
8V5061180,9790
8W5061180,6442
8W6061180,9158
8W00725303Q0,27980
8W6075111,8590
8W0071762,6990
8W8061180,8300
4G0075111B,5203
4G5071210A,13990
4H0075111,8787
4E0061511041,4150
81A061180,8690
81A075106,4375
81A075101,4200
81A075105,3430
81A075111,2907
81B061501041,3700
81A061511041,3564
145299,4590
145300,4590
80A075106,5800
80A075101,6473
80A075116,6086
80A075111,6420
4M00725303Q0,12290
80B061275MNO,6290
8K0071762,5900
4M0061170,8932
4M0064160A,15939
8P0054690B,7959
A1768140041,4317
A0008900294,3666
A1668600034,11500
A1768900178,3902
A2468900078,3801
A0009701302,36400
B66470155,6000
B66470206,2490
A22040001257258,2420
A22040001259283,2574
A22040001257756,2722
B66470200,2060
B6658814064,3587
A17668051019G33,3633
A17668050019G33,4532
55749Set,9980
56899Set,4479
56965Set,3377
56966Set,2400
57400Set,2700
59141Set,6370
10255605,24700
10256510,20800
11305798,2144
17105248,3610
19019673,3093
19019680,2260
19019819,2886
19029160,2086
19-045771,3180
19064529,3923
19104300,3948
19106649,4678
19193304,7223
19240329,7880
19-263007,7600
19276892,10464
19276915,6488
19-276922,10920
19313658,3800
22-001993,5100
22044204,4100
22-214287,6910
22220585,6890
22-240583,4963
22276124,8573
22295309,10920
22-295316,10900
22-295415,4980
22305022,14600
24016353,13000
24060905,10250
24114714,4430
24144834,9880
24166621,19240
24178495,15470
24260756,9100
24-260763,9200
24276108,5796
27271001,39900
35264545,11830
CI79000S,9880
CI81000P,9490
TX 54 83D,959
0140330061/HD,2935
016 050 0152/HD,8910
1006100037/HD,2280
1006100085/HD,2090
3001351007/SK,4990
3123200007/S,1370
3123200008/S,1480
312 320 0029/S,1294
314 137 0005/S,2699
314 137 0007/S,3463
3146100000/HD,2622
3147530002/HD,8090
3147530003/HD,8499
3160500003/HD,5750
3160500016/HD,4455
3160500062/HD,6290
3160500080/HD,39650
3160500095/HD,7260
A000989210711FAEE,1150
A000989210713,3990
A000989210717FAEE,104000
000989220717FBDE,99580
000989330911ABDE,896
000989330913ABDE,3680
000989450411FDXE,1699
000989590411ADNE,2190
000989680511ADNE,895
000989690611ABDE,976
000989820711FBDE,1100
000989820717FBDE,90850
002989060311CDND,2190
90688211149B51,990
51472473238,5484
8R0052001E,3145
5H0061104,3990
2GA061160,4107
5N0061160,4556
5H0061161,7800
760061161,8327
4M8061221B 041,6372
8W7061221B 041,5790
80A061276A MNO,4399
7P1061500  041,5588
4G1061501  041,4522
4J3061501  041,5800
4K1061501041,4366
8W1061501041,3980
7C1061502A 82V,5333
4J3061511041,4690
4M8071006A,11257
4KE071073,3900
000071215D,3122
000073900E,4210
4M0075101,8650
5HV084300  041,2640
80232864119,3335
32306854045,33049
51459201671,1707
61319161896,2942
61319291693,5716
61319296904,36241
61319355233,5484
61615A3EDC5,22500
64119312722,49116
26000745,1100
80935B308D6,11824
80915B319B9,28421
80165B5D0E8,2428
80915B319B8,28421
80915B319B7,28421
80935B308D5,7944
80935B308D3,8256
80935A7E4B5,6372
80935A0A712,22682
80235B5F629,1736
80235B5F627,3292
80235B5F658,2428
80225B5F637,7663
80165B5F608,5086
80165B5F607,5086
80435B5D025,8256
80225B5F661,15447
80235B5F654,2771
80215B5D132,2521
80455A7E4B6,3075
80435B319C0,11286
80435B308C3,13152
80225A8F293,43018
80225A8F292,68061
80232864006,1993
51479464399,4754
63312469631,2264
18302464503,20872
16112472988,5397
51112470632,12347
80235B81118,693
80235B81117,693
80225B5D130,5848
80225B5D129,4390
80225B5D128,4390
80212466329,8850
80275B319B5,4092
80225B4C825,8256
80235B38DA7,2664
80435A8F296,10692
80435A51946,7724
80435A8F295,11824
80215B319B4,3399
80215B319B3,4184
80435A51948,8850
80235B38DA6,2664
80245B38DC5,1043
51168077001,30137
51168077002,30137
51472457272,19547
51142472849,3670
80425B5F652,1307
80425B5F651,1307
80425B5F649,1307
51145A72997,3670
51142472835,3670
36135A37E40,2728
51148087193,3863
51147498981,2757
51767288752,3015
51148219237,2757
51147463684,2757
51910429335,1593
83125B54768,764
83125B5EDC9,422
83125B54100,4138
83125B54103,3778
83195B55BD9,2250
83125B53889,4542
83125B53876,1557
83125B54123,7289
83125B53888,507
83125B54995,600
83125B54996,600
83125B558F3,1659
83125B54D04,1000
83125B541A1,764
83125B531D3,672
83125B5FDE2,615
83125B531D6,536
83125B5FDE0,615
83125B5FDD6,215
83125B558E8,1536
83125B524D0,1257
83125B51EC5,615
83125B5C435,850
83125B57E22,850
83125B5ED57,422
83135A824F2,422
51915A33C83,1593
83120390086,872
83195B31008,4634
83125A16100,258
82712457808,20103
82715A34855,22109
82705A69956,24014
82712444244,20103
80425B5F647,1307
80425B5F645,1307
80435B5D027,8256
80435B5D026,8256
83125B542A2,329
83215B5BFA4,807
83215B49CA2,1207
83215B5A201,893
51475B3C4F4,10092
51472446335,7748
51472446336,6080
51472468590,7393
51475A87FF7,10092
51475B3C4E9,6365
51475A40B27,16861
51475A3E593,6653
51475B3C4F2,10478
51475B3C4E7,4655
80165B5F615,2699
80165B5F616,2699
80165B5F617,2699
80165B5F614,2699
80165B5F613,4092
80165B5F612,2699
80165B5F609,2428
80165B5D0F2,2428
61615A974B1,4648
61615A9DCE3,4648
61615A87C90,4092
61615A85266,4880
61612455437,3806
80165B5D0F3,2635
80165B5D0F1,2428
80275A7E4C0,3121
80275A87989,3121
80275A87986,3121
51912448771,1593
61319217643,436
66126912985,200
71121507292,1336
61612408631,3912
51145A92E37,3670
63315A64018,6451
63135A5C852,49026
51145A722F4,3670
51628083993,36415
51142472836,3670
51138072086,7779
18308682297,3998
51118082585,3171
51142472832,3670
51475A50926,4781
51475A40B17,11874
51475A40B10,11874
51478745786,10870
51472462750,7381
51472462751,5788
51162471107,11691
51475A8D4C4,11457
51475A62BC5,4754
51475A43444,4725
51475A26849,3682
51475B313F8,9315
51472458861,7143
51955A4DA75,11580
51137019946,2978
80435B5D022,8256
80425B5F644,1307
80275B6D534,1036
80275B6D533,1314
80235B5F625,3142
65502475154,3221
80435A5D002,10631
80435A51951,9444
80165B38D97,3399
80165B38D98,4443
51472414589,10692
51472365854,5484
51472347733,4859
51475A134A7,3742
51477220450,10056
51477316626,8746
51472451765,22298
51478096688,12087
51477910436,9621
80165B4C824,4092
80165B38D99,3399
80165B38D95,2428
51719628252,41228
36115A64989,46777
36115A64990,46777
51472457268,17766
51162446821,30137
51162446822,30137
51145A26A67,9327
51712410146,4814
51115A56347,21694
51115A56346,21694
51712355447,8446
65205A59AB3,21748
11122444214,138231
83125B5FF99,665
51912148503,1593
51911900346,1478
83125B54CF5,3977
83125B54108,4655
83125B52421,2707
83125B53201,507
51912148499,1374
51910302070,1593
51479471112,1600
85H061180,11180
8W5061180,6442
85B061221E 041,6760
11B061445  WGK,6240
3G8061500  82V,7380
4KL061501  041,5190
4N1061501  041,6190
7281900101ZZ,360
000087703ME041,220
571061500  82V,7650
85H087009,819
3152500900,3290
76106150082V,9189
4M8061501  041,5290
3292400700,3849
80A096325,900
KUKOL0185BL,3099
3292400100,4086
3152200500,8099
5H0087012530,1325
2HJ06150082V,5073
3132402630,2184
1K6069601,2746
760071151A,33120
000071213F,12980
571075101,4926
7F0075101,6770
571075111,4623
7H0075111,6166
11G084500,2263
000087000T,999
85H087009C,1004
000087010CSYPN,1568
000087329F,1600
571096151,990
000096352L,1703
3132001513,2528
3132102403,2794
3292200600,3349
3152201400,3990
3152300200,5070
3132300803,2966
3292400500,4432
3292400800,4390
3132402000,3989
KUKGTITA51,2399
4M0051472A,65447
57L061160,5980
5NA061160,4411
3J1061500  82V,7150
5H1061500  82V,6340
80B061501041,4469
4K0061511A041,3672
85H071073,3979
4M0071803,3900
5HV084303A 645,764
000087010ACYPN,947
330087010A287,1914
571087625,2220
3152200200,2518
3182400200,2980
3222400400,3033
3182400500,2390
3292400600,3390
3132402100,4129
3132402610,2702
3132402620,2190
76007320AAX1S,338396
76007329AZ49R,269290
76117922526,8005
76117922527,8005
82292469991,2000
51142355377,4562
51142364773,20133
51132410449,4443
51142347947,7534
51165B339A7,9113
51475B3B9E1,4542
51475A2DA78,3356
51475A2DA77,4310
51475B38C53,5888
51475B50A85,3942
51475B50A81,5059
51475A56031,3770
51472408523,3206
82292358510,2642
51472408527,5603
51952349510,7950
51472358056,3028
83125B524B7,3700
83125B52451,572
83125B5E672,493
83125A978E7,1707
83125B52303,707
83125A93455,200
83190446964,1100
83122288914,579
51910301838,1329
51165B339A8,9113
82195A8FAE6,101822
36135B30FD1,6047
63132462095,18417
51149447808,3806
82162338566,3292
82162338565,3292
51149880868,2342
51712457413,6027
51142459030,4443
83212465850,807
80425B5CFC7,565
82262288694,1229
80165B320B9,1736
80165B320B8,1736
80145B320B3,2835
61905B60470,42339
61625A73443,3700
61625A638E9,1357
16115A7AD86,5397
61615B3EF89,4648
61615B3E756,4648
61615A576A9,4124
61615B36879,4648
82205B30D97,2528
82205B30D95,2528
82205B34847,2528
82205B30D96,2885
80275B54F34,1736
82722472965,13856
82725A57166,46564
82715A50645,18849
82712327919,19097
82712327922,20103
51142336751,6054
82722326528,22830
51149880865,2670
80225B54F31,6537
71102333675,7424
36110048006,29598
36135B30FD0,5039
36122470972,13998
36116855106,12146
36115A8E5B5,32337
36115A8FFA8,30148
36115B30EE7,23570
36112461642,30693
36115A8E5B7,33438
36115A24E75,23020
80285B54F36,2007
80225B320D6,6113
80225B320D8,7724
80165B54F28,2428
80165B54F29,2428
80165B54F27,2699
80165B320B5,2428
80165B320B7,2428
80165B320B4,2428
80165B320B6,2428
61615A87CC6,3925
77418567204,22014
77408569660,22014
77408569659,22014
77411539594,25457
77438566446,26279
77415B6A143,27764
77415B6A144,26072
77438566126,9076
71607720456,28936
46549445164,55562
46548393199,55562
77438565872,55562
80225B320D2,5429
80225B320D0,2699
80225B320D1,2699
80225B320D3,5289
80225B320C6,2599
80225B320D4,5529
80225B320C7,2400
80225B320C9,2699
77438527849,24439
71607692173,19287
71607670828,19287
77438544631,55562
46548393200,55562
77438544630,57562
77418520296,7179
77438549130,4774
77418543199,6531
77418549408,6531
77418520301,7179
77498534712,7179
77458520297,11072
77495A3C3E0,11696
71607680541,6072
71607699057,1650
71607711245,1550
77452465325,15287
77452451057,10515
77438549124,4933
77458551271,7381
77498562631,8728
77452451066,4555
77452463724,9425
77455A831E0,17796
71607691391,2628
77452451068,5391
77458527014,7381
77435A6ED29,6726
77452451074,12034
77432451050,1171
71607653339,6365
77452467620,4099
77452471305,2514
77402451063,1207
77455A5CCC9,4761
77452463723,15743
77435B30A80,6726
80285B32122,1314
80285B32104,1314
80285B32101,1314
80285B32103,1314
80225B320C3,4184
77492465636,2285
83105B30D09,572
77525B44EA5,3256
77495A98561,1707
77495A757A3,19121
77455A31318,2171
77335A818D0,8305
77259457043,3392
77258387583,9970
77149830124,6996
77148356942,10429
77147109278,14536
76318549869,2835
71607702395,986
52531541508,30154
51168406498,14228
77495B30A76,14578
77525A84266,15962
83105A6D0B4,1229
76428548755,3149
76317105572,1421
76317105168,1386
76317922217,4801
77348396070,37750
77348388471,18210
77339444326,8061
77338829292,2028
77525B54BA8,39989
77145A5A561,11762
77492464354,943
77129829883,3164
46638569664,12247
77252468451,10974
77228355203,9272
83125B54768,764
51472469099,6653
51475B70A02,4370
51475A741A0,7393
51475A40B25,16861
51142472848,3670
51148087190,3863
80165B70CE1,3399
80165B70CE0,2699
80165B70CE2,3399
80165B5F611,2007
80165B70CF2,2771
83222365987,2699
76311540131,9658
76311540132,9658
76311540133,9480
76317913007,12087
76317913008,12087
76317913009,11457
51138074925,1850
3152500700,3610
3152500600,6500
3152500500,7410
B67960009,13800
8R0075111B,7710
4M8075101,6548
4M8075111,5347
4G0075106,6780
4G8075111,4750
8T0075101,2680
8T0075111,4100
8T8075101,2401
4L0075112,8320
8K0075111,4198
8K9075111,3100
8V5075111,4077
8V3075111,5600
8J0075101,1619
4E0075101,6500
8V4075101,3890
4L0075101,4307
4F0075111,5540
85H096353,6600
85H096302,821
85H096315,1390
8J0075111,1619
4G8075101,4190
8K0075101,3985
8V3075101,1525
8P3075101,2590
85H087317,4100
89A071073,3775
4L08618694PK,8199
8U0065110,4490
8T08617104PK,3795
8U0861869A9B9,6579
4G88618699B9,5070
8E5861869AMRY,11050
4B06011707ZJ,1899
4B0601170A7ZJ,1890
4F0601165N,2179
8X0601165,1985
4L0601170041,1679
8L0012243,369
8W0601170B,1648
8W0601170,1487
4M8071156,3999
4M0071762,6236
8U0071761,6536
8W0071761,7800
2G6253825,11700
81A071761A,5909
8Y0071761,9750
8K0071761D,5616
8P0071771,3168
8MA8537405FQ,4407
8MA853740B5FQ,4480
85E945096,4410
8K9853735A2ZZ,2280
4J3853740C5FQ,3690
8B3853740B5FQ,4290
8B38537405FQ,4290
8K0853601,2890
8B5071801716,4490
4M8853740B5FQ,4190
89A998002,3758
8P0998002A,2911
83B998002,3520
8Y1998002,3464
4KL998002,4100
4M8998002B,3699
4K1998002C,4560
4M0955425A,1251
4M1998002,4111
4F1998002A,3883
4H1998002B,4244
4L1998002,4101
8K1998002A,3535
3201810010,11386
8X0061680B,13100
4M0061609A,4050
3292400300,6605
4K1713139D59V,3324
4G0919069,3990
4G0919070,2500
89A061140,3571
4N0905217A,5126
8Y4853741T94,3250
4M0853740A5FQ,4330
4M8853740D5FQ,4480
8W6853602CPUZ,4563
8W6853601CPUZ,3994
85H853740A5FQ,3960
4H08536012ZZ,2162
4B0853737D2ZZ,2148
8V0853737C3Q7,2690
4F0853743B2ZZ,2860
8P08537402ZZ,3890
8P08537412ZZ,2388
8E98537422ZZ,2860
4F0853601,2500
8R08537352ZZ,2906
8R0853737B2ZZ,3380
4G88537352ZZ,2980
8J0853735A2ZZ,2999
8J08537352ZZ,2899
8T0853740,3699
8K0853736D2ZZ,2690
8D98537402ZZ,3350
8P0853736C2ZZ,2877
8J0853736B2ZZ,2799
4H0853605C2ZZ,3211
8L08537352ZZ,2177
81A853741C2ZZ,2890
8V78537422ZZ,1680
8T08536052ZZ,3372
4S0853737D2ZZ,3250
81B064317Z7G,3299
81B064317Y9B,3299
8K0860282D,2299
8P0860282G,2390
4L0093108D,1899
000016997,2800
8W7061511A041,4160
8W6061221041,6500
80B061221A041,6758
99104460267,7150
974955427B,2235
971998001,5899
V04015001HS,6618
8E0853736B2ZZ,2180
4K0071803,3900
4K8071803,3899
4N0071803A,3999
4N0071805,4531
4K8071805,4611
4KE071807,3480
8S0071803,3775
8W6071803,3775
4K0071804,4290
8Y0071803,3950
4M88537352ZZ,2960
8J08537372ZZ,2344
4H0853737B2ZZ,2340
4M0853741AT94,3350
B66040715,11700
A0002900500,13000
A1702900182-A1643000082,4227
A4478900100,5899
A4478900000,5330
A1568900100,4910
A1568900000,4160
A2958990000,6827
A2948990000,4899
A2968990000,5100
A1678992200,4344
A2238990200,5073
A2238990300,6557
A2238990500,6827
A2978990000,5100
A1678992100,5100
A2228990188,4070
A1678992000,6955
A2388990400,4939
A1678991500,5390
A0008995200,8941
A2228990600,5057
A0008990900,4999
A0008990200,6799
A0008990188,5100
A0008990388,5390
A0008990288,4999
B66959827,5001
B66042028,6616
B66959716,5465
B66042027,4341
A2538600900,3123
A2128680074,3210
A4638172500,2210
A4638174600,5000
A4478175800,2210
A2228175500,8840
A0009909719,5890
A0009909819,5889
A00040009001127,2410
A16740159009040,1456
A00040038009283,1688
B66472005,4299
992044028,1716
992044028B,1684
992044028C,1765
992044028A,1813
992044027B,1950
992044008,1799
992044027D,1785
A000986940111,1100
B66959881,8710
B66041695,4616
B66959583,3029
B66959616,5099
5H6084500,4199
B66041562,23333
B67993616,2280
B66041563,6203
1K0858230A,2410
B66953409,4899
B66041534,1630
95B044009,3699
95B04480048,13280
9Y0044810OS1,14652
9Y0044810DK4,14883
9Y0044810OU6,13640
A0005851795,10120
A17140001259040,1356
A17140001257P70,1390
A00040009002232,2899
971955427A,2124
95B998001A,5320
9Y1955329B,6334
A0008992300,3580
A0004003100,21590
B66470156,6630
A2057604000,3662
A4638175200,3700
A4638175300,2940
8Y0853735T94,3799
8W0853744ET94,3878
80A071804,4810
80A853736ET94,3699
4J3853741CT94,3499
4KE853736D3Q7,3136
4M08537352ZZ,3458
4M8853742AT94,4000
4M8853735AT94,4199
4M0071805,4988
8W6853604APUZ,4100
8W6853603APUZ,4420
8W6853602BPUZ,4599
8W6853601BPUZ,5590
4KE071804,4611
4KE071805,4611
8W6853742AT94,4420
8J0853605BT94,3965
8W6071804,4420
8W6071805,4420
8K0853605,3328
8X0853737A2ZZ,2600
82A853744T94,4160
83A853744BT94,4199
8D0853737G2ZZ,3220
8W0853744CT94,4099
8W0071803,3718
8H08537412ZZ,2899
8W0071804,4410
8W0419685C,2999
8R0419685A,2966
8X0419685,2966
4K8071804,4420
8K08537362ZZ,2999
8E0853601A,3120
8W0853736B2ZZ,1934
8P0853736AT94,3770
4M88537402ZZ,3299
4L08537412ZZ,2399
4F0419685,3480
A211986000013,4299
A001986387112,1499
A001986287110,1210
A0019869471,1450
A002986517112,1500
000096301B,1000
000096314B,1000
000096307B,1499
4L0096353020,5699
000096319D,1899
000096311AD3H1,1299
000096311ANBL9,1388
5H1096151,999
A0009865000,1399
A0009861262,999
2GM075101,3591
2GM075111,3394
11A075101,5349
11A075111,5024
5H0075101A,4910
5H0075111A,3710
5G9075101A,4356
3CN075101,4999
3CN075111,4699
760075111,9501
85H071208AV5J,4520
85H071208AZ7S,4260
85H071208AX7C,3985
85H071208AX5F,3985
85H071208Y9T,3985
85H071208Y3U,3985
85H071208S9R,3985
3182400300,1799
WAP0503550RWSA,3120
WAP0500400RSAS,3130
WAP0503700PSAB,3736
WAP0503500PWSA,3320
WAP0500900E,3334
B67960045,3899
B66959376,4410
B66959728,2999
B66959849,3640
B66041763,5330
B66959846,5310
B66959377,5720
B66959729,4680
B66959724,3916
B66959361,5288
B66959352,3380
B66959847,5241
B66960576,4459
B66959265,5187
B66959924,5187
B66955213,3688
B66953962,2999
B66041762,5241
B66953618,2598
B67871175,1100
B66958416,2955
3A4087010,1572
3112200510,9865
3112400400,9191
3112400100,9191
B67960002,3275
B66959666,5460
WAP0512040NTAY,1174
WAP0512050NMAC,1174
26000703,3399
B66959378,6484
000087703MS,499
B66958983,3610
B66954804,5893
3132500800,3499
B67960038,5139
B67960039,3429
3132402640,2078
3132402110,3960
3292500110,3952
A22268077058U51,4950
A22268050488U51,3299
A22268076058U51,6026
A21368001068U51,5908
A21368063039G32,2199
A21368035059J74,8420
A21368016029G32,4143
A21368002069G33,3999
A21368001069G33,5228
A25368038038U51,1962
A25368037038U51,7014
B66961115,14298
A17768003039G32,3599
3292200200,2599
3292500700,2238
3181900601,2340
3182100300,3180
3182400600,3160
A0005852503,459
A0005836503,3958
B66959721,2978
76315A75162,27942
76315A75163,27942
76315A75164,27942
76315A75159,27942
76315A75160,27942
3102200400,8245
2H0075111E,4709
3C0075111,4699
1K0075101,5552
1K9075101,6341
2E0075106,7238
1T0075101A,3938
3C0075101A,4069
1K8075101,1950
1Q0075101,1822
5C0075111,4799
6Q0075101,3510
3C8075101A,3465
5G9075101,4224
7H0075101,6364
7P0075101,10400
5N0075101,6040
6R0075116,4133
6R0075111,4133
5G0075101,4068
5K0075111,4680
5K0075105,6238
2K0075101A,7280
7L0075101A,7793
3C8075101A,5588
A0008170414,6431
A2208170815,6162
5TA853687A2ZZ,3983
3G8853687A2ZZ,4420
3J0853687A041,4420
3J08536872ZZ,3828
760853687A2ZZ,5980
2GM8536872ZZ,3250
3G9853687C2ZZ,3692
760853687B2ZZ,5460
571853687A041,4160
5NA853687H2ZZ,4260
5GE853688DJMX-5GE853688BJ,5427
5GE853687AFL,3510
571853425AFOD,2999
760853675P041,5848
760853687C041,5679
2K5853600DPJ,3558
5718536872ZZ,3960
3G8853948041,4680
3G0419659ATCC,4499
3G0419659CUXQ,4597
5H0853688ADBOP+5H0853688A,4667
2G0853688FKRR+2G0853689DK,7252
3QF419685ICL,4753
3G0853948CMGM,4192
3G9853948LFG,2860
5K0853630BULM,3250
5G0853688EFOD,3199
5G0853688DFOD,3199
1T0853601AFDY,1773
5C6853688FJZQ,2310
5C6853688EJZQ,2210
5G0853688MJZQ,3380
4M1864777B3Q7,15600
3G0071310BXF,7484
A2138204503,9750
000052120F,11100
4G0052133L,11928
9Y0044911A,15860
4G0052133J,10187
4G0052133K,7944
4G0052130H,4339
A2138206003,11594
5H1711113JOYN,9100
2G1711113NQCV,8710
761713140AE74,4810
7E0711144AHB5,1328
5K0711113TXPR,21798
4KL713321A1KT,7150
8W1713139D25M,5980
4M1713139G59V,5694
4K1713139G25M,3900
61312343709,11237
25112284555,8360
25110435847,4171
25112284056,12122
25112229442,6365
25110429267,5994
25110429269,5994
25117896884,6365
80435B308D1,11824
36136769370,2421
71100415040,2292
4G0853736F2ZZ,2109
4G08537372ZZ,2210
80222445660,3399
10A087329,2340
B66450389,6498
B66959706,4678
B66959654,5098
8W0919311,733
4H1905217B,6140
4G1905217D,6100
8P0885995B6PS,5193
9Y004480180,4940
95B044008,3959
51169283147,4767
51952405468,6739
95804490170,15080
A90768048019G33,6500
A90768065019G32,6110
A24368085009051,11698
A24368091009051,8722
A17768079029G33,5649
A24768002039G33,3484
A25368041059G33,3599
A25368073029G63,8420
A25368028029J74,7343
A17768044049051,6765
A17768032049051,8580
A4638140000,7800
A46368443009H42,16819
A25368053019G32,3523
A24768073029G32,2360
A2478140000,3699
A2058140500,5720
A2478140400,10300
A17768038049051,5472
A17768085029G33,3653
B66959844,3633
B66959828,2801
B66041705,3297
3132300700,4699
3132300600,2999
3132300900,2799
B66959235,3277
B66958988,7799
3152401000,10999
3152401100,6999
3152201500,5807
3152201300,6599
3152101000,4635
B66041761,8199
B66959236,5300
B66959321,5768
B66959320,5410
B66958985,10821
WAP0300220NRBT,12165
80212466214,4184
80212466216,3121
B66042025,5898
B66042026,4962
B67872866,3755
B66955014,4617
A2048900878,4290
A1678140300,6329
A16768079069G33,4104
A16768063069G33,5699
A16768076069G33,4160
A46368047069051,15459
B66570012,5850
A16768097049G32,2599
A16768089049G32,5200
A16768003089G33,3191
A1676846500,11880
A1678140100,10315
A16768072069G33,3723
A1176802800,6957
A24268006489G33,2163
A6396804748,4949
A6396806648,5212
A6396806548,5212
A2538140200,6331
A23868077018U51,5235
A23868083019G33,3488
A23868077019G33,8778
61445B4FD87,7026
61445B4FD86,7026
80142864043,10747
80142864044,10747
A4476808800,2470
A4476808200,6470
A4476809701,5235
A4476809601,5575
A4476806900,2340
A4476809302,5235
A4476804000,5499
A16668004489G63,7380
A2538140300,6406
A25368059019G32,2100
A2928140100,7196
A16668416007J07,6345
A16668416009051,6999
4N0061180,10448
4N4061276MNO,3998
8W9061221041,5530
8W7061511041,3187
8V6061221041,6212
4G1061221B041,6760
81B061275BMNO,6250
80B061275BMNO,5800
8W7061221A041,5653
8K0061580041,3999
4F0061511041,3199
4G0061276MNO,4699
8W9061180,6998
8S8061181,7380
000087210BF,352
5HV087210041,341
000087703MH084,557
000087210AL,599
B66952802,1679
80422454785,3121
80432413751,6372
80432413752,6372
4H0061180,6240
8T8061160,8580
A21268062029G33,9902
A16668035017J07,13000
A2468140000,6240
B66290104,3380
B66293844,8920
B66359159,5070
7M0061511A041,2160
2K0061162,4760
2K3061160,3957
1K0061160,4890
760601149AXQI,1629
000071215E,2563
00004400197,1100
00004400254,1678
00004400240,2699
00004400196,1299
00004400251,1598
95B044005,2799
95B044006,1810
4400207,1400
00004400200,1406
A000986437416,1299
A001986257112,1499
A0009861462,899
83125B54297,572
51477290023,10050
51472465742,15719
76315A75204,42620
76315A75205,42620
76315A75206,42620
76315A75207,40589
76315A75209,42620
76315A75210,42620
71606887641,33745
71602458027,16175
82729402896,6491
82119413833,722
82712347755,20352
64115A1BDB7,6218
82120442852,579
82120442854,172
82120442855,1793
34106891345-34106891346,96840
34116872572,2542
34116780509,521
34116780508,1614
34116872573,1329
51472473486,5755
51477489622,11065
9Y0044960V,119397
9J1073010,13026
7PP971678BH,6154
7PP915706A,96349
9Y0044914A,25608
992088945A,25608
992088945,25608
9Y0044910A,15999
95B04490500-95B04490502,307320
971044014B,2395
00004400250,5100
00004400401,6499
00004400096,1270
00004400204,1799
WAP0500070RWBS,3628
WAP0505200PSPL,17420
WAP0350260RRHC,59640
WAP0350230RRHC,59640
WAP0501110PFLO,4605
WAP0501100PSPK,40095
WAP0201640SXMS,6227
WAP0201630SXMS,6226
WAP0501300PWEI,4919
WAP0501200PWEI,4243
WAP0506200T917,5265
WAP0506210TCHR,5799
WAP0500030PESC,2298
WAP0500030RESC,2799
WAP0503580RPHK,3678
WAP0500410SVAD,3200
WAP0354010TMPC,9153
WAP134XXX0TGLF,5249
WAP137XXX0TGLF,5352
WAP1100010T60Y,5199
WAP5000010T025,4158
WAP0200230T911,6151
WAP0200650TPCA,6899
WAP0200200T070,6160
WAP0400160TCGT,2899
WAP0500100TEWS,2410
WAP0300360PHRT,6907
WAP0300350PHRT,9615
WAP0202860SGT3,6890
WAP0508060T0TB,4479
WAP0400150TKTF,3499
WAP0508090T0TB,4716
WAP0508100T0PB,4716
WAP0505600TWLG,3937
WAP0500160TEWF,1999
WAP0500500TEWF,1999
WAP02077818,22279
WAP0200370SPSU,6990
WAP0209110R60Y,6900
WAP0209960R60Y,7191
WAP0209030RRSR,6151
WAP0209040RRSR,6100
WAP0210510SGTS,26111
WAP0200530SGTS,5050
WAP0203200ROFF,7190
WAP0211120R992,11299
WAP0201660S0DB,7046
WAP0200310SCPE,6294
WAP0200420SKAE,5941
WAP0200220SCPE,5899
WAP0200210SCPE,5941
WAP0200200SCPE,4999
WAP0200290SCPE,5899
76315A75174,27942
76315A75176,27942
76315A75177,27942
76315A75178,27942
76317913046,16352
76317913049,16352
76317913050,16352
51137418178,2921
WAP0201050STCT,5056
WAP0201020ST4S,5037
WAP0201040STBE,5402
WAP0211070STBE,26115
WAP0201010STTB,5799
WAP0211060STTS,15699
WAP0217840M004,21710
WAP0209230RTRG,6999
WAP0200030S0SP,6294
WAP0200040PDKK,6190
WAP0201720S0DK,7147
WAP0201730S0DK,7147
WAP0201740S0DK,21879
WAP0200030PDKM,6199
WAP0200020PDKR,6298
WAP0215200TGT3,26111
MAP02511015,1356
MAP02099416,5300
WAP0205020SGTR,6299
WAP0205030SGTR,6295
WAP0205050SGTR,7010
WAP0205120SGT3,20878
WAP0202840SGT3,6999
WAP0202870SGT3,7190
WAP0202880SGT3,7190
WAP0212100TGT3,16508
WAP0202100TGT3,5866
WAP0205100SGT3,7228
WAP0200600SSFC,6299
WAP0207010S963,7290
WAP0200860S963,7291
WAP0208040SMIS,7292
MAP02028414,6399
MAP01998013,1912
WAP0202020RBXT,5946
WAP0202190RSPY,7185
WAP0202140RSPY,5099
WAP0202150RSPY,7190
WAP0203200ROFF,7182
WAP0201670SHDP,6199
WAP0201620RTRB,7300
WAP0215410TTRG,13889
WAP0213140R0ST,22620
WAP0205010SGTR,5941
WAP0215230TGT3,26111
WAP0400300SMAC,1430
WAP0350010P911,11271
WAP0359260P0MR,10599
WAP0350030LFMS,4388
WAP0350050PACB,15642
WAP0350080R718,11371
WAP0350100R911,11360
WAP0357950S0BP,12147
WAP0350170RHBP,25025
WAP0352010S0MR,11266
WAP0350070RTAY,11266
WAP0357910S0BP,11666
WAP0355110PUTR,13780
WAP0350030RACB,15699
WAP0350060RCAY,11254
WAP0353510RTRB,11358
WAP0350180RHBB,24455
WAP0359450NSCH,13320
WAP0355100PUTB,19179
WAP0357970S0SB,6900
WAP0357940S0BR,12190
WAP0357900RESS,1955
WAP0359280P0MR,4320
WAP0352050S0MR,4420
WAP0352040S0MR,7193
WAP0359250P0MR,7193
WAP0350030SCHB,10560
WAP0350020SCHB,10560
WAP0357960S0RT,14778
WAP0355120SUTR,18498
WAP0350060PACD,22595
WAP0350040RACD,19999
WAP0353530RTRB,13377
WAP0350010SAHD,5408
WAP0357920S0BB,6129
WAP1600010RMSF,2828
WAP0357930S0MP,4400
WAP0359290P0MR,12147
WAP0352030S0MR,13040
WAP0506900M917,6648
WAP0506700M917,2426
WAP0509170MSZG,7963
11128581798,18470
11127645173,24008
11127645173,24008
9J104400001,14567
9J104480020OS5,14390
971044053,33065
51125A7F3C5,31284
WAP0500730SKAD,7779
WAP0500700SKAM,11312
WAP5500030P0MR,11217
WAP5100020RS70,11236
WAP0400060P2DP,1842
WAP0500570P0MR,8377
WAP0500800L,6554
WAP0505700L,7776
WAP0501270NFMS,1799
WAP0506220PTHF,4572
WAP0501210PTFL,4572
WAP0500090RKTF,3500
WAP0500720SSCV,4188
WAP0500710SKZB,13893
WAP0500140PSUP,13981
WAP0505040RLDR,4199
WAP0501700SAHD,4909
WAP0504040STHB,4475
WAP0506180RTHB,4909
WAP0501570SLME,6556
WAP0500120RHRT,2428
WAP0501520SCC3,2949
WAP0501500S50Y,2902
WAP0500140STRB,2410
WAP0501510S50Y,2590
WAP0500110RHRT,2999
WAP0500130STRB,2999
WAP0506070MBIG,3417
WAP0506060MSTD,2798
WAP0501530SCC3,2428
WAP0501750R75Y,4126
WAP0506020NCLC,3407
WAP0506010NCLC,2999
WAP0506900RESP,2445
WAP0506020PHRT,2538
WAP0500160M0CR,1846
WAP0508050T0TB,6246
WAP0216020TCAY,27859
WAP0350360SALU,137777
WAP0350280TPCN,60918
WAP4000010TURB,4126
WAP0409640TLEG,2934
WAP0200210T911,4905
WAP0235200TGT3,61098
WAP0205200TGT3,4899
WAP0215250TGT3,16510
WAP0215260TGT3,16574
WAP0215420TTRG,26111
WAP0200890T963,6999
WAP0508030T0TB,4399
WAP0500060RWBS,3643
WAP0503150R0FH,329072
WAP0230500SGTS,69778
WAP0210520SGTS,26111
WAP0200550SGTS,5797
WAP0200540SGTS,4938
WAP0210270SCPE,11280
WAP0200280SCPE,5755
WAP0211620STFT,26111
WAP0204210T0ST,7090
WAP0213210S0ST,16504
WAP0214220T0ST,27859
WAP0212830SGT3,28457
WAP0212820SGT3,28457
WAP0212810SGT3,28457
WAP0235010SGTR,69777
WAP0210040PDKK,24382
WAP0211750S0DK,29610
WAP0500020R0EC,2274
WAP0500010R0CP,2966
WAP0502200RMSC,3633
99104480123,26598
9Y0044010,7399
000915089F,10835
52107409764,3670
51718497240,4535
17428655761,36639
17428655762,43012
B11273,14317
11421460845,1357
77338829291,2028
61905B60469,42339
61905A138D4,6072
80165B5F681,3463
63119852947- 63119852948,90000
51717186729,5377
36118071996-36118071997,110000
76217913955,6531
51168071003,2692
51168071004,2692
550043841,1600
47716,880
525204299,900
3397020450,1200
77418563762,19400
