989920211	733	0	order
2541590000	1371	23	available
51712336813-51712336814	4303	0	order
51712430994	6262	0	order
51712430993-51712430994	6262	0	order
36118089894 – 36118089895	44331	0	order
A000989700613ABDE	304	21	available
B66953318	1772	0	order
A20384000209B51	824	0	order
B66953607	2847	0	order
B66041451	2620	0	order
B66850788	3745	0	order
A0009820021	3745	0	order
A0005830461	548	0	order
A0005833500	662	0	order
A0008103300	2533	0	order
A0008272000	6093	0	order
A0008160000	10485	0	order
A0008103400	2067	0	order
A0008104100	3745	0	order
B66959621	1906	0	order
B66955750	1849	0	order
B6695453164	1130	0	order
B66954533	1541	0	order
B66450413	1970	0	order
B66956014	1798	0	order
B66041540	1956	0	order
B66952886	1845	0	order
B66959210	1798	0	order
B66959274	4414	0	order
B66958962	3305	0	order
B66958960	2796	0	order
B66041533	2523	0	order
B66043226	3074	0	order
B66954814	2305	0	order
B66043065	1641	0	order
B66472002	1418	0	order
B66472004	2979	0	order
A0019901607	5314	0	order
A00040009009790	1853	0	order
A00040009009283	1302	0	order
A00040009003594	1853	0	order
A2228101200	2662	0	order
A2228170016	1435	0	order
A1648170016	1229	0	order
A6387580058	1397	0	order
B66041524	2670	0	order
B66953338	4539	0	order
B66958326	3617	0	order
B66041523	1867	0	order
B66959266	1416	0	order
B66957516	659	0	order
B66953741	688	0	order
B66955044	8065	0	order
B66958422	1770	0	order
B66955215	5640	0	order
B66953742	1519	0	order
B66958424	2472	0	order
B66045160	3968	0	order
B66041565	3110	0	order
B66958980	1701	0	order
B66958981	2126	0	order
B66960828	8854	0	order
B66963755	985	0	order
B66960620	1573	0	order
B66960823	3826	0	order
B66960817	1573	0	order
B66960558	2620	0	order
B66960621	1573	0	order
B66960459	2976	0	order
B66960818	4251	0	order
B66960252	1191	0	order
B66959341	1332	0	order
B66958412	3090	0	order
B66958411	3596	0	order
B66958408	3596	0	order
B66952989	1450	0	order
B66959655	8322	0	order
B66959343	2242	0	order
B66956785	13244	0	order
B66959386	3263	0	order
B66959387	2077	0	order
B66959442	1992	0	order
B66043350	396	0	order
B66043352	396	0	order
B66043351	396	0	order
B66954239	1189	0	order
B66954467	561	0	order
B67812049	5830	0	order
A21268060489G33	5377	0	order
B66680152	6226	0	order
B66290102	6741	0	order
B66680188	5377	0	order
A16668000489F87	6607	0	order
A16668035019051	4525	0	order
A22268051489G33	2817	0	order
A22268050489G33	3583	0	order
A22268044489G33	4098	0	order
B66294232	7238	0	order
B67812039	5120	0	order
B66680260	5377	0	order
B66953080	688	0	order
B66528233	3237	0	order
B66580001	2352	0	order
A2228900178	3181	0	order
A1668900078	6374	0	order
A1668900578	2102	0	order
A2138900100	4944	0	order
A1768140041	2369	0	order
A0008900294	1386	0	order
A1668600034	4640	0	order
A1768900178	3015	0	order
A0009701302	24133	0	order
B66470155	2472	0	order
B66470206	959	0	order
A22040001257258	1141	0	order
A22040001259283	1321	0	order
A22040001257756	999	0	order
B66470200	1199	0	order
B6658814064	1660	0	order
A17668051019G33	1648	0	order
A17668050019G33	3175	0	order
A000989210713	3089	1	available
A000989210717FAEE	212	0	order
000989220717FBDE	422	12	available
000989330911ABDE	422	12	available
000989330913ABDE	3149	0	order
000989590411ADNE	2053	0	order
000989690611ABDE	422	12	available
000989820711FBDE	422	12	available
002989060311CDND	1548	13	available
90688211149B51	559	3	available
B67960009	9603	0	order
B66040715	8502	0	order
A0002900500	9832	0	order
A1702900182-A1643000082	2259	0	order
A1568900100	4671	0	order
A1568900000	4610	0	order
A2958990000	4860	0	order
A2948990000	4860	0	order
A2968990000	4852	0	order
A1678992200	6391	0	order
A2238990200	4794	0	order
A2238990300	6367	0	order
A2238990500	4852	0	order
A2978990000	4704	0	order
A1678992100	4852	0	order
A2228990188	3856	0	order
A1678992000	4852	0	order
A2388990400	4852	0	order
A1678991500	4500	0	order
A0008995200	6391	0	order
A2228990600	4869	3	available
A0008990900	4719	0	order
A0008990200	6391	0	order
A0008990188	4852	0	order
A0008990388	4860	0	order
A0008990288	4852	0	order
B66959827	3529	0	order
B66042028	4534	0	order
B66959716	4570	0	order
B66042027	3039	0	order
A2538600900	2996	0	order
A2128680074	1236	0	order
A4638172500	1633	0	order
A4638174600	3355	0	order
A4478175800	1955	0	order
A2228175500	8462	0	order
A0009909719	4627	0	order
A0009909819	5066	0	order
A00040009001127	1853	0	order
A00040038009283	1332	0	order
B66472005	3437	0	order
A000986940111	577	0	order
B66959881	6022	0	order
B66041695	3158	0	order
B66959583	2113	0	order
B66959616	4593	0	order
B66041562	21245	0	order
B67993616	1873	0	order
B66041563	4216	0	order
B66953409	3158	0	order
B66041534	1539	0	order
A0005851795	7144	0	order
A17140001257P70	899	0	order
A00040009002232	2085	0	order
A0008992300	3498	0	order
A0004003100	14876	0	order
B66470156	4971	0	order
A2057604000	3442	0	order
A4638175200	3011	0	order
A211986000013	2622	0	order
A001986387112	943	0	order
A001986287110	360	0	order
A0019869471	582	0	order
A002986517112	773	0	order
A0009865000	244	0	order
A0009861262	456	0	order
B67960045	3345	0	order
B66959376	3995	0	order
B66959728	1921	0	order
B66959849	2664	0	order
B66041763	3663	0	order
B66959846	3663	0	order
B66959377	3995	0	order
B66959729	3263	0	order
B66959724	3663	0	order
B66959361	3663	0	order
B66959352	2330	0	order
B66959847	3663	0	order
B66960576	3137	0	order
B66959265	3649	0	order
B66959924	3649	0	order
B66955213	3082	0	order
B66953962	2144	0	order
B66041762	3663	0	order
B66953618	2134	0	order
B67871175	816	0	order
B66958416	1897	0	order
B67960002	440	0	order
B66959666	3873	0	order
B66959378	5667	0	order
B66958983	2126	0	order
B66954804	5460	0	order
B67960038	2647	0	order
B67960039	2382	0	order
A22268077058U51	2817	0	order
A22268050488U51	1683	0	order
A22268076058U51	4098	0	order
A21368001068U51	2249	0	order
A21368063039G32	989	0	order
A21368035059J74	6401	0	order
A21368016029G32	2472	0	order
A21368002069G33	1793	0	order
A25368037038U51	3329	0	order
B66961115	11203	0	order
A17768003039G32	1597	0	order
A0005852503	244	0	order
A0005836503	3314	0	order
B66959721	2480	0	order
A0008170414	6213	0	order
A2208170815	1825	0	order
A2138204503	8239	0	order
A2138206003	11235	0	order
B66450389	5667	0	order
B66959706	3197	0	order
B66959654	3586	0	order
A90768048019G33	5837	0	order
A90768065019G32	4675	0	order
A24368085009051	8076	0	order
A24368091009051	4933	0	order
A17768079029G33	4046	0	order
A24768002039G33	1889	0	order
A25368041059G33	2970	0	order
A25368073029G63	7569	0	order
A25368028029J74	5889	0	order
A17768044049051	4727	0	order
A17768032049051	7990	0	order
A4638140000	7313	0	order
A46368443009H42	13258	0	order
A25368053019G32	3127	0	order
A24768073029G32	1788	0	order
A2478140000	3127	0	order
A2058140500	4610	0	order
A2478140400	6750	0	order
A17768038049051	4727	0	order
A17768085029G33	2459	0	order
B66959844	2382	0	order
B66959828	1906	0	order
B66041705	2117	0	order
B66959235	2773	0	order
B66958988	7490	0	order
B66041761	5633	0	order
B66959236	3687	0	order
B66959321	3984	0	order
B66959320	5243	0	order
B66958985	9144	0	order
B66042025	4039	0	order
B66042026	3401	0	order
B67872866	3118	0	order
B66955014	3197	0	order
A2048900878	3518	0	order
A16768079069G33	2993	0	order
A16768063069G33	5115	0	order
A16768076069G33	3073	0	order
A46368047069051	15581	0	order
B66570012	5023	0	order
A16768097049G32	2030	0	order
A16768089049G32	3995	0	order
A16768003089G33	3073	0	order
A1676846500	7916	0	order
A1678140100	7313	0	order
A1176802800	6724	0	order
A24268006489G33	1628	0	order
A6396804748	4534	0	order
A6396806648	3708	0	order
A6396806548	3733	0	order
A23868077018U51	4223	0	order
A23868083019G33	2714	0	order
A23868077019G33	4660	0	order
A4476808800	1984	0	order
A4476808200	4322	0	order
A4476809701	3543	0	order
A4476809601	3543	0	order
A4476806900	1243	0	order
A4476809302	4675	0	order
A4476804000	4109	0	order
A16668004489G63	6914	0	order
A25368059019G32	1648	0	order
A16668416007J07	5592	0	order
A16668416009051	6105	0	order
A21268062029G33	5377	0	order
A16668035017J07	4525	0	order
A2468140000	4855	0	order
B66290104	2019	0	order
B66293844	7279	0	order
B66359159	4392	0	order
A000986437416	717	0	order
A001986257112	750	0	order
A0009861462	300	0	order
A2548175600	4442	0	order
A2548176400	4429	0	order